{"cameraMode":{"drawMode":0,"name":"Shaded","section":"Shading Mode"},"sceneLighting":false,"audioPlay":false,"sceneViewState":{"m_AlwaysRefresh":false,"showFog":true,"showSkybox":false,"showFlares":true,"showImageEffects":true,"showParticleSystems":true,"showVisualEffectGraphs":true,"m_FxEnabled":true},"in2DMode":false,"pivot":{"x":0.9543907642364502,"y":2.8536746501922609,"z":0.4051930010318756},"rotation":{"x":-0.05371956154704094,"y":0.9205392599105835,"z":-0.1365940123796463,"w":-0.3620288670063019},"size":2.0898568630218508,"orthographic":false}